L'enfant,1
Le medecin,2
Le courtisant,3
La tempete,4
L'echange,5
La medisance,6
L'abondance,7
Le chariot,8
Le Lord,9
Le secret,10
La perte,11
La solitude,12
La panthere,13
Le contrat,14
Le commandement,15
L'offre,16
La vanite,17
Bonne nouvelle,18
La rivale,19
Le choix,20
L'attente,21
La maladie,22
Le labyrinthe,23
La justice,24
La neige,25
Le monde,26
La mort,27
La Lady,28
La famille,29
La rencontre,30
L'inconscience,31
La spiritualite,32
Le travail,33
Le manoir,34
Le voyage,35
L'amitie,36
La moisson,37
Le fanal,38
L'illusion,39
L'etude,40
La sorciere,41
Le roi pendu,42
La carte blanche,43
Le chaos,44
Mauvaise nouvelle,45
Le kemion,46
Le grand gris,47
Le Boudah de la 5D,48
La guerre galactique,49
Charogne le Grand,50
Nounours le sage,51
Gorg le vert,52
La Division,53
Le Minotaure,54
La Pikouze,55
Le Ninja,56
L'assemblee,57
Le Cavalier,58
I'll be right here,59
Le piscicologue,60
L'Hallowigne,61
Steve,62
Bertrand,63
La Fragilité,64
Le Cis-clope,65
Une Vieille Habitude,66
Le Chat-eau,67
Le Pirate,68
Cathulhu,69
Seizenip,70
Vingtnip,71
Le Bid'air-Fryer,72
Le Kool-aid,73
Le Franc sait,74
Le Poke maudit,75
Philosophie sans filet,76
Le bigot à naitre,77
Lecher Diesel AWD,78
